fx,fy,cx,cy,tx,ty,tz
-0.004617230346926133,0.02520159249115187,5222.744731031968,1731.9373779619482,0.0,0.0,0.0
